profile_pic,ratio_numlen_username,len_fullname,ratio_numlen_fullname,sim_name_username,len_desc,extern_url,private,num_posts,num_followers,num_following,fake
Yes,0.27,0,0,No match,53,No,No,32,1000,955,0
Yes,0,2,0,Partial match,44,No,No,286,2740,533,0
Yes,0.1,2,0,Partial match,0,No,Yes,13,159,98,0
Yes,0,1,0,Partial match,82,No,No,679,414,651,0
Yes,0,2,0,No match,0,No,Yes,6,151,126,0
Yes,0,4,0,Partial match,81,Yes,No,344,669987,150,0
Yes,0,2,0,Partial match,50,No,No,16,122,177,0
Yes,0,2,0,No match,0,No,No,33,1078,76,0
Yes,0,0,0,Partial match,71,No,No,72,1824,2713,0
Yes,0,2,0,No match,40,Yes,No,213,12945,813,0
Yes,0,2,0,Partial match,54,No,No,648,9884,1173,0
Yes,0,2,0,No match,54,Yes,No,76,1188,365,0
Yes,0,2,0,Partial match,0,Yes,No,298,945,583,0
Yes,0,2,0,Partial match,103,Yes,No,117,12033,248,0
Yes,0,2,0,Partial match,98,Yes,No,487,1962,2701,0
Yes,0,3,0,Partial match,46,No,No,254,50374,900,0
Yes,0,3,0,Partial match,0,No,No,59,7007,289,0
Yes,0.29,3,0,Partial match,48,No,No,1570,1128,694,0
Yes,0,2,0,No match,63,Yes,No,378,34670,1878,0
Yes,0,2,0,Partial match,106,Yes,No,526,2338,776,0
Yes,0,2,0,No match,40,No,No,228,3516,999,0
Yes,0,1,0,Partial match,35,Yes,Yes,35,1809,416,0
Yes,0,2,0,Partial match,30,No,No,281,427,470,0
Yes,0,1,0,Partial match,27,No,No,285,759,956,0
Yes,0,0,0,No match,0,No,No,148,15338538,61,0
Yes,0,1,0,No match,109,Yes,Yes,57,109,179,0
Yes,0,6,0,Partial match,0,No,Yes,17,536,665,0
Yes,0,2,0,Partial match,132,Yes,No,511,121354,176,0
Yes,0,2,0,No match,126,Yes,No,230,2284,130,0
Yes,0,2,0,Partial match,122,No,Yes,15,186,174,0
Yes,0,2,0,Partial match,138,No,Yes,980,687,1517,0
Yes,0.13,0,0,No match,0,No,Yes,53,966,952,0
Yes,0,2,0,Partial match,50,No,Yes,111,177,170,0
Yes,0,2,0,Partial match,35,No,No,719,744,967,0
Yes,0,2,0,Partial match,56,Yes,No,1164,542073,674,0
Yes,0.18,2,0,No match,9,No,No,497,5315651,2703,0
Yes,0.33,0,0,Partial match,0,No,Yes,18,267,328,0
Yes,0,2,0,Partial match,81,No,No,50,691,680,0
Yes,0,2,0,Partial match,134,No,Yes,74,120,112,0
Yes,0,2,0,Partial match,0,No,No,8,105,98,0
Yes,0,0,0,No match,2,No,No,7389,890969,11,0
Yes,0,2,0,No match,0,Yes,No,420,361853,583,0
Yes,0,2,0,Partial match,23,No,No,433,3678,1359,0
Yes,0,2,0,Partial match,138,Yes,No,156,92192,16,0
Yes,0,4,0,No match,35,No,No,4494,12397719,8,0
Yes,0,3,0,Partial match,93,No,No,751,380510,0,0
Yes,0,2,0,Partial match,4,No,Yes,4,132,183,0
Yes,0,2,0,No match,1,No,Yes,27,162,208,0
Yes,0,1,0,No match,4,No,No,91,369,546,0
Yes,0,0,0,Partial match,23,No,No,262,1476,666,0
Yes,0,3,0,Partial match,91,Yes,No,274,1798,461,0
Yes,0,2,0,No match,57,No,No,271,2118,1109,0
Yes,0,1,0,Partial match,108,Yes,No,713,812,432,0
Yes,0,2,0.12,Partial match,30,Yes,No,200,7217,761,0
Yes,0,0,0,No match,82,No,No,12,313,376,0
Yes,0.12,1,0,No match,12,Yes,No,26,64,261,0
Yes,0,2,0,Partial match,54,No,No,75,1759,643,0
Yes,0,1,0,Partial match,0,No,Yes,94,404,283,0
Yes,0,1,0,Partial match,12,No,No,63,1843,598,0
Yes,0.12,2,0,Partial match,0,No,No,69,320377,228,0
Yes,0,1,0,Partial match,3,No,No,12,108,97,0
Yes,0,1,0,No match,39,Yes,No,63,384,447,0
Yes,0.19,2,0,No match,0,No,No,19,60,100,0
Yes,0,1,0,No match,68,Yes,No,100,802,151,0
Yes,0,2,0,Partial match,129,Yes,No,661,51145,528,0
Yes,0,2,0,No match,57,Yes,No,149,1582,1882,0
Yes,0,2,0,Partial match,64,No,No,22,223,266,0
Yes,0,1,0,Partial match,42,No,No,400,18842,744,0
Yes,0,2,0,No match,71,Yes,No,149,10240,1255,0
Yes,0,3,0,Partial match,0,No,No,122,539,639,0
Yes,0.33,2,0,Partial match,70,No,No,74,399,452,0
Yes,0,1,0,Partial match,74,No,No,13,581,568,0
Yes,0,1,0,Partial match,8,No,Yes,8,166,163,0
Yes,0,2,0,Partial match,35,No,No,77,417,362,0
Yes,0.2,2,0,Partial match,0,No,Yes,5,266,324,0
Yes,0,1,0,Partial match,0,No,Yes,3,33,37,0
Yes,0,2,0,Partial match,28,No,Yes,106,494,998,0
Yes,0,2,0,No match,18,No,Yes,14,178,245,0
Yes,0,3,0,No match,28,No,No,172,470,288,0
Yes,0.33,1,0,No match,36,No,No,111,807,675,0
Yes,0,2,0,Partial match,2,No,No,38,162,256,0
Yes,0.06,2,0,No match,11,No,Yes,19,417,395,0
Yes,0,3,0,No match,70,Yes,No,227,17303,360,0
Yes,0,2,0,No match,29,No,No,221,1439,629,0
Yes,0,2,0,Partial match,24,Yes,No,580,91446,526,0
Yes,0,3,0,Partial match,21,Yes,No,40,824,489,0
Yes,0,1,0,Partial match,81,No,No,101,741,1440,0
Yes,0,1,0,Partial match,34,Yes,Yes,157,1267,899,0
Yes,0,0,0,Partial match,40,No,No,197,4594,1713,0
Yes,0,1,0,Partial match,12,No,No,61,1135,899,0
Yes,0,2,0,No match,0,No,Yes,698,1926,1410,0
Yes,0,2,0,Partial match,59,No,Yes,49,1068,1925,0
Yes,0,1,0,No match,15,No,Yes,85,815,748,0
Yes,0,2,0,No match,54,No,No,77,565,469,0
Yes,0,1,0,Partial match,16,No,No,58,2556,1074,0
Yes,0,2,0,No match,73,No,Yes,232,1312,935,0
Yes,0,1,0,No match,24,No,No,20,699,599,0
Yes,0,0,0,No match,0,No,No,98,4328,418,0
Yes,0,0,0,No match,26,Yes,No,559,2487,999,0
Yes,0,3,0,Partial match,0,No,No,189,673,438,0
Yes,0,2,0,Partial match,0,No,Yes,388,730,413,0
Yes,0,0,0,No match,0,No,Yes,28,59,55,0
Yes,0,3,0,Partial match,0,No,Yes,156,289,222,0
Yes,0,1,0,No match,28,No,Yes,6,19,20,0
Yes,0,2,0,Partial match,55,Yes,No,69,3551,173,0
Yes,0,1,0,Partial match,140,Yes,No,775,19512,591,0
Yes,0,0,0,Partial match,122,Yes,No,205,2756,638,0
Yes,0,2,0,Partial match,113,Yes,No,209,5406,589,0
Yes,0,2,0,No match,38,No,Yes,334,459,390,0
Yes,0,2,0,Partial match,0,No,No,9,218,75,0
Yes,0,2,0,No match,23,No,No,6,796,1155,0
Yes,0,1,0,No match,0,No,No,416,1113,1854,0
Yes,0.2,1,0,No match,89,No,Yes,13,138,208,0
Yes,0.44,1,0,Partial match,30,No,Yes,33,205,164,0
Yes,0,1,0,No match,0,No,No,1,331,333,0
Yes,0.1,1,0.1,Partial match,0,No,No,711,748,4659,0
Yes,0,1,0,Partial match,0,No,No,114,490,1093,0
Yes,0,1,0.08,Partial match,12,No,Yes,16,456,413,0
Yes,0,0,0,Partial match,123,Yes,No,107,971,2047,0
Yes,0.24,1,0.24,No match,0,No,No,5,497,438,0
Yes,0.14,2,0,No match,0,No,Yes,7,99,132,0
Yes,0,0,0,No match,0,No,Yes,21,193,413,0
Yes,0,2,0,Partial match,40,No,No,65,492,689,0
Yes,0.29,2,0,No match,0,No,No,10,167,164,0
Yes,0,2,0,Partial match,33,No,Yes,59,99,178,0
Yes,0,0,0,Partial match,0,No,Yes,137,916,1142,0
Yes,0,2,0,Partial match,5,No,Yes,10,196,209,0
Yes,0,1,0,Partial match,0,No,Yes,571,765,424,0
Yes,0.18,2,0,Partial match,23,No,Yes,24,45,80,0
Yes,0,1,0,No match,35,Yes,No,328,634,719,0
Yes,0,4,0,No match,150,Yes,No,161,1383,7500,0
Yes,0,1,0,Partial match,26,No,Yes,280,650,703,0
Yes,0,2,0,Partial match,149,No,Yes,92,484,3296,0
Yes,0,3,0,Partial match,129,No,No,31,200,270,0
Yes,0,2,0,No match,0,No,No,0,192,65,0
Yes,0,0,0,Partial match,18,No,Yes,25,553,610,0
Yes,0,2,0,Partial match,74,Yes,No,921,27477,7202,0
Yes,0,2,0,No match,0,Yes,Yes,1020,464,1039,0
Yes,0,1,0,Partial match,59,No,No,301,1057,524,0
Yes,0,3,0,No match,148,No,No,9,413,138,0
Yes,0,0,0,Partial match,0,Yes,No,158,389,806,0
Yes,0.29,1,0,No match,15,No,No,43,505,503,0
Yes,0,12,0,Partial match,46,No,Yes,24,941,1208,0
Yes,0,2,0,Partial match,5,No,Yes,60,2598,802,0
Yes,0,1,0,Partial match,98,No,No,4,59,111,0
Yes,0,2,0,No match,55,No,No,220,622,475,0
Yes,0,2,0,Partial match,19,Yes,No,1159,2719,1061,0
Yes,0.36,5,0,Partial match,71,No,No,8,216,305,0
Yes,0.22,2,0,Partial match,133,No,No,396,881,375,0
Yes,0.08,2,0,Partial match,150,Yes,No,38,870,72,0
Yes,0,2,0,No match,43,No,Yes,1,265,371,0
Yes,0.15,2,0,Partial match,37,No,Yes,2,1204,633,0
Yes,0,1,0,No match,35,No,Yes,43,655,1016,0
Yes,0,2,0,Partial match,87,No,No,131,1662,1065,0
Yes,0.14,2,0,Partial match,59,No,No,7,14222,7399,0
Yes,0,2,0,Partial match,0,No,No,57,483,1216,0
Yes,0,3,0,Partial match,0,No,No,36,1204,2928,0
Yes,0,2,0,Partial match,9,No,Yes,91,408,635,0
Yes,0,2,0,Partial match,12,No,Yes,8,303,417,0
Yes,0.1,0,0,Partial match,0,No,No,11,125,101,0
Yes,0.09,1,0,Partial match,0,No,No,252,229,383,0
Yes,0.15,3,0,No match,95,Yes,Yes,15,357,489,0
Yes,0,1,0,Partial match,0,No,No,74,137,96,0
Yes,0,2,0,No match,46,No,Yes,83,255,535,0
Yes,0,3,0,No match,123,No,Yes,126,87,399,0
Yes,0,6,0,No match,117,Yes,No,663,326946,3,0
Yes,0,1,0,Partial match,26,No,Yes,0,114,446,0
Yes,0,0,0,No match,0,No,Yes,10,167,387,0
Yes,0,2,0,No match,58,No,Yes,8,1247,1196,0
Yes,0,1,0,Partial match,0,No,No,24,585,1364,0
Yes,0,1,0,Partial match,30,No,Yes,65,135,232,0
Yes,0,3,0,No match,62,Yes,No,64,722,261,0
Yes,0.45,1,0.25,No match,137,Yes,No,664,714,1159,0
Yes,0,2,0,No match,149,Yes,No,130,39867,4664,0
No,0,0,0,Partial match,14,No,Yes,131,533,1060,0
Yes,0,2,0,Partial match,19,No,Yes,917,1158,3932,0
Yes,0,10,0,No match,131,Yes,No,2,45834,280,0
Yes,0,2,0,Partial match,0,No,No,142,876,529,0
Yes,0.09,5,0,Partial match,5,No,No,165,3003,455,0
Yes,0.09,2,0,No match,0,No,No,80,1298,407,0
Yes,0,2,0,No match,11,No,Yes,32,3800,278,0
Yes,0,2,0,Partial match,0,No,Yes,81,1358,127,0
Yes,0,2,0,Partial match,27,Yes,No,334,6741307,111,0
Yes,0.38,2,0,No match,10,Yes,No,8,791,456,0
Yes,0,2,0,Partial match,72,Yes,No,373,732075,363,0
Yes,0,2,0,Partial match,3,No,Yes,56,373,360,0
Yes,0,3,0,Partial match,51,No,Yes,7,162,311,0
Yes,0,1,0,Partial match,44,No,Yes,12,309,364,0
Yes,0,2,0,Partial match,0,No,No,5,135,176,0
Yes,0,2,0,Partial match,73,Yes,No,77,244,172,0
Yes,0.18,1,0,No match,70,No,Yes,93,67,149,0
Yes,0,2,0,No match,35,No,No,192,984,76,0
Yes,0,2,0,No match,13,No,Yes,8,751,1223,0
Yes,0,4,0.25,Partial match,105,No,Yes,145,781,529,0
Yes,0,1,0.33,Partial match,91,No,No,135,1761,905,0
Yes,0.14,2,0,Partial match,0,No,Yes,18,318,523,0
Yes,0,2,0,No match,48,No,No,222,5282,652,0
Yes,0,2,0,Partial match,48,No,No,222,5282,652,0
Yes,0,2,0,Partial match,126,Yes,Yes,5,228,238,0
Yes,0,2,0,Partial match,0,Yes,Yes,119,393,502,0
Yes,0,2,0,Partial match,53,No,No,201,875,754,0
Yes,0,0,0,No match,8,No,Yes,12,173,373,0
Yes,0,1,0,No match,67,No,No,301,3896490,351,0
Yes,0,1,0,No match,20,No,No,20,106,133,0
Yes,0.08,2,0,No match,26,Yes,No,112,206,32,0
Yes,0,0,0,Partial match,86,No,Yes,54,259,1371,0
Yes,0,1,0,No match,51,No,Yes,98,1013,996,0
Yes,0.11,4,0,Partial match,26,Yes,No,16,738,544,0
Yes,0,0,0,No match,18,No,Yes,133,1008,517,0
Yes,0,2,0,Partial match,96,Yes,No,142,2441,396,0
Yes,0,2,0,No match,17,No,No,63,416,292,0
Yes,0,2,0,Partial match,0,No,Yes,70,516,463,0
Yes,0,2,0,Partial match,62,Yes,No,403,8711,345,0
Yes,0,2,0,Partial match,86,No,No,15,433,584,0
Yes,0,2,0,No match,148,Yes,No,990,18515,1000,0
Yes,0,2,0,No match,1,No,Yes,12,70,67,0
Yes,0.22,3,0,Partial match,39,No,No,26,5863,157,0
Yes,0.36,2,0,Partial match,35,No,No,2,1677,716,0
Yes,0,0,0,No match,103,No,No,24,617,272,0
Yes,0,2,0,No match,0,Yes,No,411,31182,414,0
Yes,0,2,0,No match,61,No,Yes,217,1152,292,0
Yes,0.15,1,0,Partial match,44,No,No,156,8578,164,0
Yes,0,1,0,Partial match,0,No,No,389,4347,748,0
Yes,0,1,0,No match,0,No,Yes,8,319,335,0
Yes,0,1,0,No match,0,No,Yes,3,189,177,0
Yes,0,1,0,No match,112,No,Yes,22,743,331,0
Yes,0.18,1,0,Partial match,123,No,No,59,11204,124,0
Yes,0,3,0,No match,24,No,Yes,144,419,271,0
Yes,0,2,0,Partial match,34,No,No,2,81,268,0
Yes,0,1,0,Partial match,19,No,No,78,947,582,0
Yes,0,2,0,Partial match,0,No,No,28,206,333,0
Yes,0,2,0,No match,42,No,No,111,541,701,0
Yes,0.18,3,0,No match,50,No,No,6,392,237,0
Yes,0.22,5,0,Partial match,67,No,No,4,4177,3678,0
Yes,0.17,2,0,Partial match,134,Yes,No,31,265,321,0
Yes,0,2,0,No match,101,No,No,86,272,1486,0
Yes,0,2,0,No match,0,No,No,240,425,917,0
Yes,0,3,0,No match,0,No,Yes,11,150,178,0
Yes,0,2,0,Partial match,17,No,Yes,44,711,673,0
Yes,0,2,0,Partial match,0,No,Yes,9,89,121,0
Yes,0,2,0,Partial match,32,No,Yes,62,742,653,0
Yes,0,2,0,Partial match,0,No,No,0,96,50,0
Yes,0,1,0,Full match,80,Yes,Yes,15,77,107,0
Yes,0,2,0,No match,2,No,Yes,53,195,395,0
Yes,0,2,0,Partial match,0,No,Yes,2,9,13,0
Yes,0,1,0,No match,146,Yes,No,52,10794,3164,0
Yes,0.19,0,0,Partial match,0,No,No,1,104,15,0
Yes,0,0,0,Partial match,0,Yes,Yes,62,318,569,0
Yes,0.18,1,0,Partial match,0,No,No,247,355,137,0
Yes,0.31,1,0,Partial match,0,No,Yes,9,99,488,0
Yes,0,0,0,Partial match,6,No,No,13,300,372,0
Yes,0.15,1,0,Partial match,0,No,No,204,139,61,0
Yes,0,2,0,Partial match,0,No,Yes,0,13,77,0
Yes,0.22,1,0.14,Partial match,0,No,Yes,51,606,430,0
Yes,0,1,0,No match,64,No,No,15,428,333,0
Yes,0,1,0,Partial match,0,No,No,108,494,545,0
Yes,0.24,0,0,No match,0,No,Yes,353,1261,2187,0
Yes,0,1,0,Partial match,0,No,Yes,5,68,87,0
Yes,0,2,0,Partial match,49,Yes,No,560,205558,53,0
Yes,0,2,0,Partial match,23,No,No,85,668,609,0
Yes,0,2,0,No match,120,Yes,No,95,1456,555,0
Yes,0.14,2,0,Partial match,34,No,No,14,410,387,0
Yes,0,3,0,No match,25,No,Yes,52,298,555,0
Yes,0,2,0,Partial match,0,No,Yes,7,254,345,0
Yes,0,2,0,No match,12,No,No,197,1070,1072,0
Yes,0.17,2,0,No match,0,No,Yes,89,1167,618,0
Yes,0,2,0,No match,9,No,Yes,34,335,300,0
Yes,0.08,2,0,Partial match,1,No,No,283,346,426,0
Yes,0,2,0,Partial match,18,No,Yes,65,1746,1631,0
Yes,0,2,0,No match,34,No,Yes,126,268,370,0
Yes,0,3,0,Partial match,23,No,Yes,327,537,1002,0
Yes,0,1,0,Partial match,19,No,Yes,42,805,488,0
Yes,0,2,0,No match,139,No,No,36,1504,52,0
Yes,0,2,0,No match,13,No,Yes,3,104,119,0
Yes,0,2,0,No match,50,No,No,53,380,462,0
Yes,0,3,0,Partial match,46,Yes,Yes,7,257,346,0
Yes,0,1,0,No match,30,No,Yes,103,1775,7500,0
Yes,0.3,2,0,No match,26,No,Yes,241,1456,1200,0
Yes,0,0,0,No match,0,No,Yes,103,265,264,0
Yes,0,1,0,No match,0,No,Yes,93,1051,694,0
Yes,0.11,1,0,Partial match,0,No,No,1,77,34,0
No,0,1,0,Partial match,27,No,Yes,16,220,323,0
Yes,0.07,2,0,Partial match,37,Yes,Yes,32,178,81,0
Yes,0,1,0,Partial match,31,No,Yes,1232,728,1213,0
Yes,0,1,0,No match,20,No,Yes,75,668,294,0
Yes,0,2,0,Partial match,7,No,No,5,406,408,0
Yes,0,2,0,Partial match,0,No,No,3,37,22,0
Yes,0,2,0,No match,0,No,Yes,30,56,114,0
No,0.22,1,0,No match,0,No,No,0,90,333,1
No,0.38,1,0,Partial match,0,No,No,0,60,31,1
No,0.43,1,0,No match,0,No,Yes,2,271,445,1
Yes,0,0,0,No match,0,No,Yes,3,1,80,1
Yes,0.5,3,0,No match,24,No,Yes,13,158,309,1
No,0.31,2,0,No match,0,No,No,0,39,64,1
No,0.22,1,0.22,No match,43,No,Yes,1,0,11,1
No,0,1,0,No match,0,No,Yes,0,0,853,1
Yes,0.25,1,0,Partial match,0,No,Yes,10,0,23,1
No,0,2,0,No match,0,No,No,0,12,5,1
No,0.33,1,0,No match,0,No,No,0,10,18,1
No,0.33,1,0,Partial match,0,No,Yes,0,1,34,1
No,0,1,0,No match,0,No,No,0,1,8,1
No,0,0,0,No match,0,No,Yes,0,0,0,1
No,0.12,1,0,Partial match,0,No,Yes,0,31,213,1
No,0.18,1,0,Partial match,0,No,Yes,0,5,10,1
No,0.5,1,0,No match,0,No,Yes,5,18,58,1
Yes,0.5,1,0,No match,0,No,Yes,0,12,77,1
No,0.5,1,0,No match,0,No,Yes,0,6,37,1
Yes,0.57,1,0,Partial match,0,No,No,0,47,10,1
No,0.45,3,0,No match,0,No,No,0,33,4,1
No,0.5,1,0,No match,0,No,Yes,141,4,279,1
No,0.57,1,0,Partial match,0,No,Yes,6,5,15,1
Yes,0,1,0,No match,0,No,Yes,1,0,44,1
No,0.44,1,0.43,No match,0,No,Yes,0,5,17,1
No,0,1,0,No match,0,No,Yes,1,107,42,1
Yes,0.88,1,0,No match,0,No,Yes,39,8,60,1
No,0,1,0,No match,0,No,No,0,48,6,1
No,0.22,0,0,No match,0,No,Yes,9,2,215,1
No,0,2,0,Partial match,0,No,Yes,0,51,126,1
Yes,0,1,0,No match,43,No,Yes,21,5,48,1
No,0,1,0,Partial match,0,No,Yes,0,0,802,1
No,0.55,1,0,No match,0,No,No,0,26,46,1
No,0.07,1,0,No match,0,No,Yes,0,0,601,1
Yes,0.8,1,0,No match,13,No,Yes,3,76,168,1
No,0,1,0.4,No match,0,No,Yes,0,165,689,1
No,0,1,0,Partial match,0,No,No,0,115,230,1
No,0.31,1,0.36,Partial match,0,No,No,0,6,15,1
No,0.4,1,0,No match,0,No,No,0,24,49,1
No,0.33,1,0,No match,0,No,Yes,0,40,236,1
No,0,1,0,Partial match,0,No,Yes,6,32,52,1
No,0.33,1,0.33,Full match,0,No,Yes,0,0,35,1
No,0.36,1,0,No match,0,No,No,0,21,44,1
Yes,0.55,1,0.29,Partial match,0,No,Yes,1,79,767,1
Yes,0.41,1,0,No match,0,No,Yes,4,8,37,1
Yes,0.43,0,0,Partial match,0,No,No,0,49,79,1
No,0.11,1,0.11,Full match,0,No,Yes,0,31,91,1
Yes,0,1,0,Full match,0,No,Yes,0,15,41,1
Yes,0.25,1,0,No match,0,No,No,0,4,3,1
Yes,0.44,1,0,No match,0,No,Yes,0,0,229,1
Yes,0.3,0,0,No match,0,No,Yes,17,316,1165,1
No,0.1,1,0,No match,0,No,Yes,0,0,0,1
No,0,1,0,No match,0,No,No,1,3,1,1
No,0,2,0,No match,0,No,No,0,2,30,1
Yes,0.29,2,0,Partial match,9,No,Yes,7,221,244,1
No,0,1,0,No match,0,No,No,13,181,935,1
No,0,2,0,Partial match,0,No,Yes,0,9,167,1
No,0.67,1,0,No match,0,No,No,0,2,0,1
Yes,0.31,1,0.31,Full match,0,No,Yes,0,25,86,1
Yes,0,3,0,No match,18,No,No,5,26,129,1
Yes,0.89,1,0.89,No match,0,No,Yes,124,15,305,1
Yes,0,1,0,No match,10,No,No,9,59,48,1
No,0.2,1,0.2,Full match,61,No,Yes,5,7,47,1
No,0.12,1,0,No match,0,No,Yes,2,40,179,1
No,0,1,0,No match,0,No,No,0,51,41,1
Yes,0,5,0,No match,0,No,No,150,133,750,1
Yes,0,0,0,Partial match,0,No,Yes,29,25,39,1
Yes,0.18,1,0,No match,0,No,Yes,108,864,3646,1
Yes,0,0,0,Partial match,0,No,No,77,73,35,1
Yes,0.38,1,0.4,No match,0,No,Yes,3,184,170,1
Yes,0.43,1,0,No match,0,No,Yes,7,161,333,1
Yes,0.22,1,0.22,Full match,0,No,Yes,3,42,694,1
Yes,0,1,0,Partial match,22,No,Yes,131,279,1124,1
Yes,0,1,0,No match,0,No,No,40,219,155,1
Yes,0.24,1,0.24,Full match,0,No,Yes,4,18,106,1
Yes,0.44,1,0,No match,0,No,Yes,84,106,171,1
Yes,0.5,0,0,Partial match,2,No,Yes,299,34,108,1
No,0,1,0,Partial match,0,No,No,11,42,26,1
Yes,0.16,0,0,Partial match,146,No,Yes,0,1,13,1
No,0.89,0,0,No match,0,No,Yes,0,38,68,1
Yes,0.58,1,0.36,Partial match,6,No,Yes,1,34,44,1
Yes,0.29,1,0,Partial match,50,No,Yes,4,23,151,1
Yes,0.3,1,0,No match,0,No,Yes,0,23,37,1
No,0.5,2,0,No match,0,No,No,0,83,139,1
No,0.4,1,0,Partial match,0,No,No,0,25,28,1
Yes,0,0,0,Partial match,39,No,Yes,3,13,38,1
No,0.25,1,0,Partial match,0,No,No,0,64,60,1
No,0.36,1,0,No match,0,No,No,0,90,69,1
No,0.33,2,0,No match,0,No,No,0,82,6,1
No,0,0,0,No match,0,No,No,0,140,319,1
No,0.36,1,0,No match,0,No,Yes,0,0,29,1
Yes,0.3,1,0,No match,5,No,Yes,1,51,420,1
Yes,0.12,1,0,No match,91,No,No,7,38,87,1
No,0.33,1,0.38,No match,2,No,Yes,3,21,733,1
Yes,0.38,1,0,No match,0,No,Yes,0,5,121,1
Yes,0.4,1,0,No match,0,No,Yes,0,21,45,1
No,0.57,0,0,No match,0,No,Yes,5,124,249,1
No,0.22,1,0,No match,0,No,Yes,0,5,56,1
Yes,0.38,1,0,No match,37,No,Yes,1,2,16,1
No,0.64,2,0,Partial match,0,No,No,0,42,46,1
Yes,0.33,1,0.33,No match,0,No,Yes,12,48,45,1
No,0.31,1,0.31,Full match,0,No,No,0,32,25,1
No,0,1,0,No match,0,No,Yes,0,0,71,1
No,0.25,1,0,No match,0,No,No,0,0,0,1
Yes,0.12,1,0,No match,0,No,Yes,1,10,104,1
Yes,0.38,1,0,No match,0,No,Yes,92,19,31,1
No,0.31,1,0,No match,0,No,Yes,0,138,99,1
No,0.2,0,0,Partial match,0,No,Yes,0,11,157,1
No,0,1,0,No match,0,No,Yes,0,1,64,1
No,0.42,1,0,No match,0,No,No,0,39,40,1
Yes,0,0,0,No match,148,No,No,21,446,1762,1
Yes,0.57,1,0,No match,0,No,Yes,7,9,82,1
No,0,0,0,No match,0,No,No,9,589,2980,1
No,0.06,1,0,Partial match,0,No,No,0,27,63,1
Yes,0,2,0,No match,0,No,No,14,143,500,1
No,0,2,0,Partial match,0,No,Yes,0,0,177,1
No,0,3,0,No match,0,No,Yes,0,0,130,1
No,0.21,1,0,No match,0,No,No,3,124,135,1
Yes,0.07,0,0,Partial match,0,No,Yes,0,12,192,1
No,0.42,1,0,Partial match,0,No,No,0,16,36,1
No,0.21,1,0,No match,0,No,No,1,1,2,1
No,0.38,1,0,No match,0,No,No,1,120,181,1
No,0,2,0,No match,0,No,Yes,0,0,71,1
No,0,1,0,No match,0,No,No,1,26,8,1
Yes,0.14,3,0,Partial match,0,No,No,0,57,167,1
No,0.15,2,0,No match,0,No,No,1,13,22,1
Yes,0,4,0,Partial match,149,No,No,28,1031,208,1
Yes,0.18,1,0,No match,0,No,No,0,42,146,1
Yes,0.33,2,0,Partial match,0,No,No,25,70,64,1
Yes,0.18,1,0,No match,0,No,Yes,0,0,8,1
Yes,0.3,1,0,No match,0,No,No,0,46,92,1
Yes,0.43,2,0,No match,0,No,No,111,834,4118,1
No,0,2,0,No match,22,No,Yes,2,389,392,1
Yes,0.33,0,0,No match,0,No,No,0,43,221,1
No,0.33,1,0,Partial match,0,No,Yes,0,23,40,1
No,0,1,0,Partial match,0,No,Yes,0,5,82,1
No,0.71,0,0,No match,0,No,Yes,0,4,25,1
No,0.5,1,0,Partial match,0,No,No,0,17,44,1
Yes,0.25,1,0,No match,2,No,Yes,5,182,227,1
Yes,0.33,1,0,No match,0,No,No,10,108,304,1
No,0.5,1,0.33,No match,0,No,No,3,43,123,1
No,0.29,1,0,No match,0,No,No,19,77,8,1
No,0.09,1,0,Partial match,0,No,No,0,32,87,1
No,0.25,1,0,No match,0,No,Yes,0,0,11,1
Yes,0.13,1,0,No match,0,No,Yes,8,40,66,1
No,0.33,1,0.33,Full match,20,No,No,2,53,303,1
Yes,0.14,2,0,No match,0,No,No,10,67,90,1
Yes,0,3,0,Partial match,0,No,No,29,122,336,1
No,0,2,0,Partial match,0,No,No,0,18,49,1
No,0.4,1,0,No match,0,No,Yes,0,24,88,1
Yes,0,1,0,Partial match,0,No,No,2,35,136,1
Yes,0.4,1,0.4,Full match,0,No,Yes,3,119,151,1
Yes,0.1,1,0,No match,0,No,Yes,5,6,24,1
No,0.43,1,0.4,No match,0,No,No,0,34,26,1
Yes,0,3,0,Partial match,148,No,No,63,272,295,1
Yes,0.44,2,0,No match,0,No,No,1,53,137,1
Yes,0.33,0,0,No match,50,No,Yes,4,818,618,1
Yes,0,3,0,No match,0,No,No,34,82,74,1
Yes,0.38,2,0,No match,2,No,No,0,40,233,1
Yes,0.4,0,0,No match,0,No,Yes,0,21,76,1
Yes,0.33,1,0,No match,0,No,No,6,59,38,1
Yes,0.12,1,0,No match,0,No,No,2,102,109,1
Yes,0.29,0,0,No match,0,No,Yes,7,576,474,1
No,0.57,2,0.4,No match,0,No,No,0,19,16,1
Yes,0,0,0,No match,0,No,Yes,0,66,161,1
Yes,0,1,0,No match,0,No,Yes,5,310,894,1
Yes,0,1,0,Full match,34,No,Yes,0,16,17,1
No,0,1,0,No match,0,No,No,0,15,4,1
Yes,0.07,1,0,Partial match,0,No,Yes,0,47,98,1
Yes,0,1,0,Full match,0,No,No,4,88,61,1
Yes,0.27,1,0,No match,0,No,Yes,1,51,59,1
Yes,0,2,0,No match,0,No,No,26,505,2330,1
Yes,0.36,1,0,No match,0,No,No,9,159,433,1
Yes,0.29,1,0.33,No match,0,No,Yes,4,77,1269,1
Yes,0.83,1,0,Partial match,32,No,No,4,61,76,1
No,0.67,1,0,Partial match,0,No,Yes,0,7,14,1
Yes,0.38,1,0.33,No match,0,No,Yes,0,11,60,1
No,0.58,1,0,No match,0,No,No,0,49,22,1
No,0,1,0,Partial match,0,No,No,0,15,595,1
Yes,0.2,2,0,No match,0,No,No,1,1,9,1
No,0,1,0,No match,0,No,No,0,17,1,1
No,0.29,2,0,Partial match,0,No,No,0,15,1,1
Yes,0.25,1,0,Partial match,59,No,No,28,358,1990,1
No,0.25,1,0,No match,0,No,No,0,20,7,1
No,0,1,0,Partial match,6,No,No,1,50,32,1
No,0,1,0,No match,0,No,No,0,57,76,1
No,0.31,1,0,No match,0,No,No,2,12,15,1
Yes,0.67,1,0,No match,0,No,No,2,218,792,1
No,0.33,1,0.25,No match,0,No,No,9,78,98,1
No,0.47,1,0,No match,0,No,No,1,16,23,1
No,0.36,1,0,Partial match,0,No,No,8,39,17,1
No,0,1,0,No match,0,No,No,0,15,1,1
No,0.4,0,0,No match,0,No,No,0,30,48,1
No,0.33,1,0,Partial match,0,No,No,0,85,638,1
No,0.33,1,0,Partial match,0,No,No,0,77,747,1
No,0.55,2,0,No match,0,No,No,0,49,82,1
No,0.27,1,0.27,Full match,0,No,No,0,16,24,1
No,0.44,1,0,Partial match,0,No,No,0,8,6,1
No,0.44,1,0,No match,0,No,No,2,34,22,1
No,0.47,1,0,Partial match,0,No,No,2,45,83,1
No,0.33,1,0,No match,0,No,No,0,49,0,1
No,0,2,0,No match,0,No,No,0,15,5,1
No,0.25,1,0,No match,0,No,No,0,92,403,1
Yes,0.91,1,0,Partial match,0,No,No,0,75,26,1
No,0.44,1,0,No match,0,No,No,0,10,0,1
Yes,0.12,1,0,No match,1,No,No,0,23,26,1
No,0.2,1,0,No match,0,No,No,0,22,11,1
No,0.24,2,0,No match,0,No,No,0,55,46,1
No,0.27,1,0,No match,0,No,No,0,16,0,1
No,0.25,1,0,Partial match,0,No,No,0,7,20,1
No,0.28,1,0.24,No match,0,No,No,0,86,0,1
No,0.38,1,0,No match,0,No,No,0,3,11,1
No,0.57,2,0,No match,0,No,No,0,12,30,1
Yes,0.44,1,0,Partial match,0,No,No,1,14,56,1
No,0.47,1,0,No match,0,No,No,0,24,22,1
No,0,2,0,No match,0,No,No,0,52,1,1
No,0.44,1,0,No match,0,No,No,1,16,27,1
No,0.44,1,0,Partial match,0,No,No,4,17,20,1
No,0.57,2,0,Partial match,0,No,No,0,50,49,1
No,0.54,1,0,Partial match,0,No,No,5,136,1029,1
Yes,0.43,1,0,No match,0,No,No,10,178,1417,1
No,0.89,0,0,Partial match,0,No,No,1,50,39,1
Yes,0.38,1,0,No match,0,No,No,2,207,2426,1
No,0.36,1,0,No match,0,No,Yes,0,178,828,1
No,0,1,0,Full match,0,No,No,0,16,26,1
No,0.14,1,0,Partial match,0,No,No,0,49,2,1
No,0.2,1,0.33,No match,0,No,No,2,49,12,1
No,0.1,0,0,No match,0,No,No,0,37,4,1
No,0.5,1,0.4,No match,0,No,No,0,21,0,1
Yes,0.58,1,0.44,No match,0,No,No,21,356,2176,1
No,0.44,2,0,No match,0,No,No,0,46,4,1
No,0.22,1,0.33,No match,0,No,No,0,49,0,1
No,0,1,0,No match,0,No,No,0,49,58,1
No,0,1,0,Partial match,0,No,No,0,44,45,1
No,0.13,2,0,Partial match,0,No,No,0,42,240,1
No,0.38,1,0.33,No match,0,No,No,0,47,9,1
No,0.1,2,0,Partial match,0,No,No,0,48,1,1
Yes,0.91,1,0,No match,0,No,No,0,75,26,1
No,0.08,1,0,Partial match,0,No,No,0,115,289,1
No,0.88,1,1,No match,0,No,No,5,53,66,1
No,0.67,1,0,No match,0,No,No,0,32,23,1
No,0.44,1,0,No match,0,No,No,0,39,153,1
No,0.18,1,0,No match,0,No,No,0,3033,1155,1
No,0.25,1,0,Partial match,0,No,No,0,3003,825,1
No,0.88,1,1,No match,0,No,No,1,34,36,1
No,0.36,1,0,No match,0,No,No,37,218,1528,1
Yes,0.33,2,0.22,No match,0,No,No,8,210,1543,1
Yes,0.2,2,0,Partial match,19,No,No,4,1489,3715,1
No,0.5,1,0.5,Full match,0,No,No,0,10,2,1
No,0.33,1,0,No match,0,No,No,28,201,812,1
No,0,2,0,No match,0,No,No,0,351,2663,1
No,0.43,1,0,No match,0,No,No,0,52,16,1
No,0.25,1,0.18,No match,0,No,No,6,156,423,1
No,0.43,2,0,Partial match,0,No,No,12,85,477,1
No,0.24,1,0,Partial match,0,No,No,0,35,38,1
No,0.44,1,0,No match,0,No,No,0,55,28,1
No,0.27,2,0,No match,43,No,Yes,0,16,51,1
No,0.38,1,0,No match,0,No,No,0,43,88,1
No,0.4,1,0,No match,0,No,No,2,97,408,1
No,0.57,1,0.57,Full match,0,No,No,2,34,112,1
No,0,1,0,Full match,0,No,No,0,2346,7272,1
No,0.25,1,0,No match,0,No,No,0,49,95,1
Yes,0.19,0,0,No match,0,No,Yes,2,2,55,1
No,0.46,1,0.46,Full match,0,No,No,2,40,19,1
No,0.46,1,0,No match,0,No,Yes,0,332,1333,1
No,0.73,1,0,Partial match,0,No,No,0,14,542,1
Yes,0.6,1,0.5,No match,0,No,No,12,65,162,1
Yes,0.46,1,0.5,No match,0,No,No,1,20,52,1
No,0.31,1,0.31,Full match,0,No,No,0,26,27,1
Yes,0.43,1,0.43,Partial match,0,No,No,0,72,434,1
Yes,0,1,0,No match,0,No,No,1,55,2,1
Yes,0.5,1,0.4,No match,33,No,No,12,77,108,1
Yes,0,4,0.25,Partial match,0,No,Yes,59,31,215,1
No,0.86,2,0.18,No match,0,No,No,0,57,130,1
No,0.62,1,0,No match,0,No,Yes,0,58,347,1
Yes,0.33,2,0,No match,0,No,No,23,47,139,1
Yes,0.16,1,0.12,Partial match,43,No,No,3,31,37,1
Yes,0.92,1,1,No match,0,No,No,11,96,242,1
Yes,0.27,1,0,No match,19,No,No,8,126,860,1
Yes,0.25,1,0,No match,0,No,Yes,102,39,229,1
Yes,0.43,1,0,No match,5,No,No,6,66,161,1
Yes,0.31,3,0,Partial match,0,No,No,25,87,698,1
Yes,0.2,1,0,Partial match,28,No,No,0,15,64,1
Yes,0.55,1,0.44,No match,0,No,No,33,166,596,1
Yes,0.38,1,0.33,Partial match,21,No,No,44,66,75,1
Yes,0.57,2,0,Partial match,0,No,No,4,96,339,1
Yes,0.57,1,0,Partial match,11,No,No,0,57,73,1
Yes,0.27,1,0,No match,0,No,No,2,150,487,1
Yes,0.33,1,0.33,Full match,30,No,Yes,35,488,604,0
Yes,0,5,0,Partial match,64,No,Yes,3,35,6,0
Yes,0,2,0,Partial match,82,No,Yes,319,328,668,0
Yes,0,1,0,No match,143,No,Yes,273,14890,7369,0
Yes,0.5,1,0,No match,76,No,Yes,6,225,356,0
Yes,0,1,0,Partial match,0,No,Yes,6,362,424,0
Yes,0,1,0,Partial match,132,No,Yes,9,213,254,0
Yes,0,2,0,No match,0,No,Yes,19,552,521,0
Yes,0,2,0,No match,96,No,Yes,17,122,143,0
Yes,0,1,0,No match,78,No,Yes,9,834,358,0
Yes,0,1,0,No match,0,No,Yes,53,229,492,0
Yes,0.14,1,0,Partial match,78,Yes,Yes,97,1913,436,0
Yes,0.14,2,0,No match,61,No,Yes,17,200,437,0
Yes,0.33,2,0,No match,45,No,Yes,8,130,622,0
Yes,0.1,2,0,Partial match,43,No,No,60,192,141,0
Yes,0,2,0,Partial match,56,No,Yes,51,498,337,0
Yes,0.33,2,0,Partial match,86,No,Yes,25,96,499,0
Yes,0,1,0,Partial match,97,No,Yes,188,202,605,0
Yes,0,3,0,No match,46,No,Yes,590,175,199,0
Yes,0,2,0,No match,39,No,Yes,251,223,694,0
Yes,0.5,1,0,Partial match,0,No,Yes,0,189,276,0
Yes,0,0,0,No match,28,No,Yes,58,486,862,0
Yes,0.22,2,0,Partial match,63,No,Yes,46,464,367,0
Yes,0,2,0,Partial match,24,No,Yes,19,150,157,0
Yes,0.1,1,0,Partial match,4,No,Yes,250,2983,545,0
Yes,0,1,0,No match,27,No,Yes,28,116,138,0
Yes,0,1,0,No match,137,Yes,No,1065,155537,1395,0
Yes,0,1,0,Partial match,69,No,Yes,209,248,490,0
Yes,0.33,1,0,No match,0,No,Yes,5,348,347,0
Yes,0,2,0,No match,147,Yes,No,1879,4021842,5514,0
Yes,0,2,0,No match,0,No,No,9,366,552,0
Yes,0,2,0,No match,138,Yes,No,253,1064,573,0
Yes,0,2,0,Partial match,117,Yes,No,90,81267,963,0
Yes,0,2,0,Partial match,0,No,Yes,8,400,449,0
Yes,0.17,1,0,No match,0,No,No,12,361,562,0
Yes,0,2,0,Partial match,14,No,No,13,228,346,0
Yes,0,2,0.3,Partial match,18,No,No,59,855,151,0
Yes,0,4,0,Partial match,54,Yes,No,77,777,148,0
Yes,0,1,0,Partial match,0,Yes,No,14,264,151,0
Yes,0.15,2,0,No match,73,Yes,No,330,1572,3504,0
Yes,0,0,0,Partial match,47,No,Yes,2,510,185,0
Yes,0,2,0,No match,84,Yes,No,932,1027419,293,0
Yes,0,1,0,Partial match,39,Yes,No,6,710,549,0
Yes,0.09,2,0,Partial match,77,No,No,463,2267,466,0
Yes,0,1,0,Partial match,33,No,Yes,62,2055,993,0
Yes,0,2,0,Partial match,149,Yes,Yes,247,814,1111,0
Yes,0,2,0,Partial match,8,No,Yes,85,668,605,0
Yes,0,2,0,No match,0,No,No,0,87,40,0
Yes,0,2,0,Partial match,18,No,Yes,118,461,1055,0
Yes,0,9,0,Partial match,133,Yes,No,307,602517,482,0
Yes,0,3,0,Partial match,0,No,No,9,62,47,0
Yes,0,2,0,Partial match,81,No,Yes,25,341,274,0
Yes,0,2,0,No match,4,No,No,42,717,223,0
Yes,0,1,0,Partial match,13,No,Yes,14,386,363,0
Yes,0,2,0,Partial match,20,No,No,78,673,568,0
Yes,0,7,0,No match,24,No,Yes,465,654,535,0
Yes,0,2,0,Partial match,19,No,No,65,751,577,0
Yes,0.14,2,0,No match,0,No,No,9,209,276,0
Yes,0,2,0,Partial match,146,No,No,145,573,474,0
Yes,0,2,0,Partial match,0,No,Yes,1,284,505,0
No,0.05,1,0,No match,0,No,No,0,0,2,1
Yes,0.27,1,0,Partial match,0,No,No,0,45,64,1
No,0.07,1,0,No match,0,No,No,0,19,30,1
No,0,1,0,Full match,0,No,No,0,69,694,1
No,0,2,0,No match,0,No,No,0,22,82,1
No,0.22,0,0,Partial match,0,No,No,0,31,124,1
No,0,3,0,No match,0,No,No,0,9,25,1
No,0,1,0,Full match,0,No,No,0,69,694,1
No,0,1,0,No match,0,No,No,0,23,33,1
No,0.62,1,0.4,No match,0,No,No,1,17,34,1
No,0,2,0,No match,14,No,No,0,46,38,1
No,0.42,1,0,No match,0,No,No,0,16,2,1
No,0.62,1,0.4,No match,0,No,No,0,0,18,1
No,0.5,1,0.4,No match,0,No,No,0,21,1,1
No,0.31,0,0,No match,0,No,No,0,52,15,1
No,0.27,1,0,No match,0,No,No,1,24,2,1
No,0.5,2,0,No match,0,No,No,0,13,22,1
No,0.75,1,1,No match,0,No,No,0,227,353,1
Yes,0.43,1,0,Partial match,0,No,No,2,10,24,1
No,0.25,1,0,No match,0,No,No,0,46,18,1
Yes,0.88,1,1,No match,0,No,No,3,57,22,1
Yes,0.89,1,1,Partial match,0,No,No,8,341,2287,1
Yes,0,2,0,Partial match,0,No,No,3,1789,6153,1
Yes,0.27,1,0,No match,0,No,No,0,45,64,1
No,0,1,0,Partial match,0,No,No,0,21,31,1
Yes,0.56,1,0.56,Full match,20,No,No,34,309,250,1
Yes,0,3,0,No match,58,No,No,4,1742,6172,1
No,0.14,1,0,No match,0,No,No,0,1906,2129,1
Yes,0,5,0,No match,0,No,No,1,39,324,1
No,0.5,0,0,No match,0,No,No,1,17,33,1
Yes,0,2,0,No match,0,No,No,1,62,126,1
Yes,0.5,1,0,Partial match,0,No,No,0,119,350,1
No,0.33,1,0,No match,0,No,No,0,2997,764,1
Yes,0,0,0,Partial match,0,No,No,15,772,3239,1
Yes,0,1,0,Partial match,0,No,No,4,129,920,1
Yes,0.38,2,0.25,No match,0,No,No,70,94,105,1
No,0,1,0,No match,0,No,No,2,37,58,1
Yes,0.33,1,0,Partial match,0,No,No,81,75,55,1
No,0.31,1,0.33,Partial match,0,No,No,0,42,175,1
Yes,0.67,1,0.5,No match,0,No,No,5,145,202,1
Yes,0.38,1,0,No match,0,No,No,21,128,636,1
Yes,0.38,1,0,No match,0,No,No,3,88,72,1
No,0,0,0,No match,0,No,No,2,1987,7453,1
Yes,0.48,1,0,No match,0,No,No,16,100,162,1
Yes,0.57,1,0,Partial match,0,No,No,3,214,829,1
Yes,0.88,1,1,No match,0,No,No,23,227,776,1
Yes,0.89,2,0,No match,0,No,No,6,192,942,1
No,0.44,1,0.44,Full match,112,No,No,4,415,1445,1
No,0,1,0,No match,0,No,No,0,926,4239,1
Yes,0.44,1,0,No match,0,No,No,60,238,1381,1
Yes,0,1,0,Partial match,0,No,No,1,193,669,1
Yes,0,1,0.25,No match,0,No,No,0,49,235,1
No,0.44,1,0,No match,0,No,No,0,13,7,1
Yes,0.45,1,0.4,No match,0,No,No,2,74,270,1
Yes,0.33,1,0,Partial match,0,No,No,8,88,76,1
Yes,0.29,1,0,Partial match,0,No,No,13,114,811,1
Yes,0.4,1,0,Partial match,0,No,No,4,150,164,1
Yes,0,2,0,Partial match,0,No,No,3,833,3572,1
No,0.17,1,0,No match,0,No,No,1,219,1695,1
Yes,0.44,1,0,No match,0,No,No,3,39,68,1
